{
    "sum": 611797.0,
    "avr": 561.7970615243343,
    "sumMD": 17019.0,
    "avrMD": 515.7272727272727,
    "sumSD": 16220.0,
    "avrSD": 491.5151515151515,
    "max": 997.0,
    "min": 100.0
}